"","id","long","lat","states"
"1",972260379207155712,-119.7725868,36.7468422,"california"
"2",972251326137552896,-86.80249,33.5206608,"alabama"
"3",972317201276391424,-122.2913078,37.8271784,"california"
"4",972317128941555712,-102.4107493,34.2331373,"texas"
"5",972317107978416128,-97.3307658,32.7554883,"texas"
"6",972316881460789248,-81.5190053,41.0814447,"ohio"
"7",972315520849629184,-102.4107493,34.2331373,"texas"
"8",972315466206150656,-95.712891,37.09024,"kansas"
"9",972315246026047488,-118.2436849,34.0522342,"california"
"10",972315110344658944,-93.0899578,44.9537029,"minnesota"
"11",972314411460415488,-83.9207392,35.9606384,"tennessee"
"12",972314053317185536,-122.788377,45.4604,"oregon"
"13",972313992759713792,-122.2913078,37.8271784,"california"
"14",972313886744510464,-95.712891,37.09024,"kansas"
"15",972313812014649344,-95.712891,37.09024,"kansas"
"16",972313547785908224,-117.9988026,33.6594835,"california"
"17",972313527422734336,-86.902298,32.3182314,"alabama"
"18",972313081106792448,-87.6297982,41.8781136,"illinois"
"19",972312899145424896,-82.9987942,39.9611755,"ohio"
"20",972312740776808448,-86.2999689,32.3668052,"alabama"
"21",972312243110064128,-122.788377,45.4604,"oregon"
"22",972312151917391872,-106.4850217,31.7618778,"texas"
"23",972312041150181376,-83.9207392,35.9606384,"tennessee"
"24",972311868508385280,-118.7797571,34.0259216,"california"
"25",972311749713162240,-81.0348144,34.0007104,"south carolina"
"26",972310381443141632,-95.712891,37.09024,"kansas"
"27",972310241584001024,-90.064848,32.3188539,"mississippi"
"28",972310217177292800,-95.712891,37.09024,"kansas"
"29",972309970845945856,-95.712891,37.09024,"kansas"
"30",972309906966700032,-77.0368707,38.9071923,"district of columbia"
"31",972309885156282368,-94.1265562,30.080174,"texas"
"32",972309872866971648,-74.0059728,40.7127753,"new york"
"33",972309824984797184,-88.914102,40.482914,"illinois"
"34",972309216542187520,-80.1008762,26.5909025,"florida"
"35",972309098099281920,-77.0947092,38.984652,"maryland"
"36",972308935591030784,-79.9958864,40.4406248,"pennsylvania"
"37",972308686835146752,-122.2913078,37.8271784,"california"
"38",972308491640582144,-118.9143984,35.2232773,"california"
"39",972308387412131840,-95.712891,37.09024,"kansas"
"40",972308195489341440,-75.4898448,39.6832814,"new jersey"
"41",972307813455327232,-73.4742914,40.6806563,"new york"
"42",972307806677295104,-87.6297982,41.8781136,"illinois"
"43",972307774267908096,-81.5370671,41.4739419,"ohio"
"44",972307746421866496,-95.712891,37.09024,"kansas"
"45",972307452933935104,-82.907123,40.4172871,"ohio"
"46",972307150281297920,-95.712891,37.09024,"kansas"
"47",972307034891841536,-74.5623478,40.5627372,"new jersey"
"48",972306950326276096,-123.1007066,47.2150945,"washington"
"49",972306908349698048,-71.0588801,42.3600825,"massachusetts"
"50",972306515888664576,-122.788377,45.4604,"oregon"
"51",972306479125495808,-82.907123,40.4172871,"ohio"
"52",972306206462226432,-95.971261,36.153315,"oklahoma"
"53",972306195452170240,-95.712891,37.09024,"kansas"
"54",972306121494007808,-74.0059728,40.7127753,"new york"
"55",972306089885749248,-96.4981467,41.4333909,"nebraska"
"56",972306060596994048,-73.6440058,43.3095164,"new york"
"57",972305590549663744,-95.712891,37.09024,"kansas"
"58",972305564708589568,-84.1227598,43.5250265,"michigan"
"59",972305532844433408,-86.5804473,35.5174913,"tennessee"
"60",972304396284391424,-95.712891,37.09024,"kansas"
"61",972304390467047424,-91.8318334,37.9642529,"missouri"
"62",972304082856742912,-95.712891,37.09024,"kansas"
"63",972303801745985536,-95.712891,37.09024,"kansas"
"64",972303596833341440,-95.712891,37.09024,"kansas"
"65",972303387776741376,-110.926479,32.2217429,"arizona"
"66",972303359901347840,-74.0059728,40.7127753,"new york"
"67",972303322811166720,-117.1589616,32.7081928,"california"
"68",972303088299069440,-95.712891,37.09024,"kansas"
"69",972302897164832768,-90.5116678,41.5075765,"illinois"
"70",972302610681221120,-76.6121893,39.2903848,"maryland"
"71",972302598920392704,-122.788377,45.4604,"oregon"
"72",972302396465598464,-118.2436849,34.0522342,"california"
"73",972302293063426048,-74.0059728,40.7127753,"new york"
"74",972302285987614720,-106.6055534,35.0853336,"new mexico"
"75",972302279230582784,-106.6055534,35.0853336,"new mexico"
"76",972302270774808576,-117.1610966,32.7157305,"california"
"77",972302138071289856,-90.0489801,35.1495343,"tennessee"
"78",972302038037082112,-95.712891,37.09024,"kansas"
"79",972302028616724480,-95.712891,37.09024,"kansas"
"80",972302028516020224,-95.712891,37.09024,"kansas"
"81",972302027232612352,-95.712891,37.09024,"kansas"
"82",972301967442829312,-91.1403196,30.4582829,"louisiana"
"83",972301848806703104,-121.8863286,37.3382082,"california"
"84",972301757727543296,-74.0059728,40.7127753,"new york"
"85",972301712718430208,-77.4146876,42.7481821,"new york"
"86",972301499320631296,-122.788377,45.4604,"oregon"
"87",972301027910344704,-76.6412712,39.0457549,"maryland"
"88",972300737035292672,-76.6121893,39.2903848,"maryland"
"89",972300235929133056,-117.6480148,47.866316,"washington"
"90",972299637791997952,-119.4179324,36.778261,"california"
"91",972299544221405184,-122.788377,45.4604,"oregon"
"92",972299513716191232,-122.788377,45.4604,"oregon"
"93",972298918573805568,-80.0942087,26.9342246,"florida"
"94",972298916329816064,-80.0942087,26.9342246,"florida"
"95",972298901586829312,-81.2936073,29.0557686,"florida"
"96",972298257249525760,-95.712891,37.09024,"kansas"
"97",972298114836070400,-75.8766333,41.1457603,"pennsylvania"
"98",972297894551261184,-76.6121893,39.2903848,"maryland"
"99",972297602795483136,-84.5120196,39.1031182,"ohio"
"100",972296994260594688,-71.1041786,42.3356352,"massachusetts"
"101",972296481913888768,-95.370026,35.7475692,"oklahoma"
"102",972296070964408320,-76.6412712,39.0457549,"maryland"
"103",972295759189217280,-95.712891,37.09024,"kansas"
"104",972295666381807616,-81.3792365,28.5383355,"florida"
"105",972295652465033216,-118.2436849,34.0522342,"california"
"106",972295548601552896,-96.6397822,33.1972465,"texas"
"107",972295448298913792,-77.4360481,37.5407246,"virginia"
"108",972295067850498048,-83.0457538,42.331427,"michigan"
"109",972294545957408768,-81.3792365,28.5383355,"florida"
"110",972293503844864000,-122.788377,45.4604,"oregon"
"111",972292995541159936,-118.2436849,34.0522342,"california"
"112",972292965208154112,-96.4003069,42.4999942,"iowa"
"113",972292862296580096,-118.7797571,34.0259216,"california"
"114",972292664828686336,-118.2200712,33.8958492,"california"
"115",972292630020173824,-74.694929,40.774716,"new jersey"
"116",972292355947720704,-95.712891,37.09024,"kansas"
"117",972292327610953728,-74.0059728,40.7127753,"new york"
"118",972292146605821952,-83.9888205,39.2931174,"ohio"
"119",972291618320633856,-87.6297982,41.8781136,"illinois"
"120",972291546543468544,-84.4838654,42.7369792,"michigan"
"121",972291464079269888,-95.712891,37.09024,"kansas"
"122",972291195257933824,-95.712891,37.09024,"kansas"
"123",972291195211788288,-95.712891,37.09024,"kansas"
"124",972291195010502656,-95.712891,37.09024,"kansas"
"125",972291092912713728,-159.5261238,22.0964396,"hawaii"
"126",972290963031732224,-81.3459405,41.2392227,"ohio"
"127",972290948704210944,-113.9389673,45.8076982,"montana"
"128",972290891644854272,-122.788377,45.4604,"oregon"
"129",972290677471051776,-84.1916069,39.7589478,"ohio"
"130",972290600363061248,-73.9441579,40.6781784,"new york"
"131",972290408356171776,-95.712891,37.09024,"kansas"
"132",972289889168392192,-77.1527578,39.0839973,"maryland"
"133",972289355627876352,-76.602191,39.6823264,"maryland"
"134",972289093752295424,-111.9260519,33.4941704,"arizona"
"135",972288649059618816,-74.0681931,40.0831714,"new jersey"
"136",972288333090099200,-95.712891,37.09024,"kansas"
"137",972287839831515136,-81.6943605,41.49932,"ohio"
"138",972287581277827072,-95.712891,37.09024,"kansas"
"139",972287072785616896,-95.712891,37.09024,"kansas"
"140",972287066389311488,-95.971261,36.153315,"oklahoma"
"141",972287035003174912,-122.4194155,37.7749295,"california"
"142",972286879688265728,-75.1652215,39.9525839,"pennsylvania"
"143",972286452699664384,-85.7584557,38.2526647,"kentucky"
"144",972286418864263168,-122.788377,45.4604,"oregon"
"145",972286113300844544,-71.0588801,42.3600825,"massachusetts"
"146",972285978734886912,-75.7163207,39.449556,"delaware"
"147",972285187848417280,-118.2436849,34.0522342,"california"
"148",972284830460399616,-97.0916692,31.8023831,"texas"
"149",972284596908969984,-83.9844416,34.5278618,"georgia"
"150",972284515036037120,-74.4056612,40.0583238,"new jersey"
"151",972284505284366336,-97.4137553,42.0327234,"nebraska"
"152",972284471981600768,-71.3824374,42.4072107,"massachusetts"
"153",972283591144169472,-71.3824374,42.4072107,"massachusetts"
"154",972283457127768064,-96.7466913,40.2659269,"nebraska"
"155",972282402696548352,-83.7430378,42.2808256,"michigan"
"156",972282365513908224,-121.4943996,38.5815719,"california"
"157",972281977628917760,-86.158068,39.768403,"indiana"
"158",972281861262094336,-73.712868,43.425792,"new york"
"159",972281835031056384,-74.0059728,40.7127753,"new york"
"160",972281481048424448,-102.4107493,34.2331373,"texas"
"161",972281449192742912,-73.712868,43.425792,"new york"
"162",972281400777785344,-118.3443128,34.0826221,"california"
"163",972281044593532928,-83.040888,39.9917495,"ohio"
"164",972281017129164800,-77.0368707,38.9071923,"district of columbia"
"165",972280535019151360,-73.7845651,43.0831301,"new york"
"166",972280534868090880,-95.712891,37.09024,"kansas"
"167",972280316101582848,-76.8867008,40.2731911,"pennsylvania"
"168",972279993970642944,-78.6568942,37.4315734,"virginia"
"169",972279569280655360,-102.4107493,34.2331373,"texas"
"170",972279524669968384,-122.4194155,37.7749295,"california"
"171",972279433020280832,-77.0368707,38.9071923,"district of columbia"
"172",972279311376973824,-95.712891,37.09024,"kansas"
"173",972278931859562496,-95.712891,37.09024,"kansas"
"174",972278916239917056,-122.1660756,37.424106,"california"
"175",972278898816880640,-72.9278835,41.308274,"connecticut"
"176",972278700182970368,-123.4307413,48.118146,"washington"
"177",972278404274884608,-80.765361,35.2775488,"north carolina"
"178",972278397400317952,-117.6126004,33.4273521,"california"
"179",972278377099886592,-118.2436849,34.0522342,"california"
"180",972277883900235776,-122.788377,45.4604,"oregon"
"181",972277341744492544,-86.9080655,40.4258686,"indiana"
"182",972277296714297344,-92.3340724,38.9517053,"missouri"
"183",972276778793304064,-122.788377,45.4604,"oregon"
"184",9.72276596316e+17,-98.4936282,29.4241219,"texas"
"185",972276070987771904,-90.0303855,35.1406045,"tennessee"
"186",972275975948992512,-122.788377,45.4604,"oregon"
"187",972275853404065792,-86.158068,39.768403,"indiana"
"188",972275602798628864,-122.4194155,37.7749295,"california"
"189",972275518170062848,-122.4194155,37.7749295,"california"
"190",972275487098703872,-95.712891,37.09024,"kansas"
"191",972275271356182528,-122.9542972,46.7162136,"washington"
"192",972274854727700480,-93.6091064,41.6005448,"iowa"
"193",972274803498471424,-80.8431267,35.2270869,"north carolina"
"194",972274677908475904,-73.9441579,40.6781784,"new york"
"195",972273690955132928,-78.6381787,35.7795897,"north carolina"
"196",972273367234613248,-81.5615135,39.2667418,"west virginia"
"197",972273343956176896,-122.7140548,38.440429,"california"
"198",972272885002883072,-95.857444,36.118537,"oklahoma"
"199",972272867143401472,-122.2059833,47.6768927,"washington"
"200",972272196402860032,-83.9811014,34.1140497,"georgia"
"201",972272119487913984,-93.2650108,44.977753,"minnesota"
"202",972272030480551936,-97.5164276,35.4675602,"oklahoma"
"203",972271165011038208,-95.712891,37.09024,"kansas"
"204",972271047323127808,-95.370026,35.7475692,"oklahoma"
"205",972270664404094976,-94.3160629,35.9757902,"arkansas"
"206",972270581486845952,-95.712891,37.09024,"kansas"
"207",972270476432113664,-77.0368707,38.9071923,"district of columbia"
"208",972270331615416320,-85.3096801,35.0456297,"tennessee"
"209",972270323574992896,-124.2178903,43.3665007,"oregon"
"210",9.72e+17,-117.990493,34.033699,"california"
"211",9.72e+17,-122.001708,36.958484,"california"
"212",9.72e+17,-117.499609,34.358385,"california"
"213",9.72e+17,-117.2301723,33.0907611,"california"
"214",9.72e+17,-117.735657,33.9262949,"california"
"215",9.72e+17,-117.854065,34.063734,"california"
"216",9.72e+17,-121.576613,38.43792,"california"
"217",9.71e+17,-122.473595,37.6009088,"california"
"218",9.71e+17,-117.976849,33.903616,"california"
"219",9.71e+17,-118.262388,34.521165,"california"
"220",9.71e+17,-121.6919801,36.643802,"california"
"221",9.71e+17,-119.061758,34.126875,"california"
"222",9.71e+17,-121.576613,38.43792,"california"
"223",9.71e+17,-117.944051,33.691774,"california"
"224",9.71e+17,-117.2437359,34.003849,"california"
"225",9.71e+17,-121.660213,39.068913,"california"
"226",9.71e+17,-121.860664,37.945647,"california"
"227",9.71e+17,-118.37032,34.1426298,"california"
"228",9.71e+17,-122.228922,37.416515,"california"
"229",9.71e+17,-121.6919801,36.643802,"california"
"230",9.71e+17,-118.37032,34.1426298,"california"
"231",9.71e+17,-118.123005,33.950457,"california"
"232",9.71e+17,-118.005291,33.917363,"california"
"233",9.71e+17,-119.172179,35.255821,"california"
"234",9.71e+17,-117.834663,34.0182828,"california"
"235",9.71e+17,-117.243514,34.227224,"california"
"236",9.71e+17,-123.232051,39.116505,"california"
"237",9.71e+17,-122.62422,38.039015,"california"
"238",9.71e+17,-121.817399,36.652284,"california"
"239",9.71e+17,-122.004255,37.721286,"california"
"240",9.71e+17,-122.471871,37.6345111,"california"
"241",9.71e+17,-118.378926,33.893614,"california"
"242",9.71e+17,-117.834663,34.0182828,"california"
"243",9.71e+17,-118.8297529,34.222878,"california"
"244",9.71e+17,-117.735657,33.9262949,"california"
"245",9.71e+17,-118.091312,33.853432,"california"
"246",9.71e+17,-117.845301,33.6941797,"california"
"247",9.71e+17,-117.4003377,34.366195,"california"
"248",9.71e+17,-118.1783453,34.0985693,"california"
"249",9.71e+17,-118.250227,33.732905,"california"
"250",9.71e+17,-122.481872,38.273743,"california"
"251",9.71e+17,-121.423941,38.562585,"california"
"252",9.71e+17,-122.5001644,37.649122,"california"
"253",9.71e+17,-118.256783,33.943092,"california"
"254",9.71e+17,-122.035311,37.193164,"california"
"255",9.71e+17,-117.954201,33.625179,"california"
"256",9.71e+17,-121.576613,38.43792,"california"
"257",9.71e+17,-122.471871,37.6345111,"california"
"258",9.71e+17,-121.919174,39.676071,"california"
"259",9.71e+17,-121.860374,36.5968148,"california"
"260",9.71e+17,-121.477338,38.481561,"california"
"261",9.71e+17,-118.378926,33.893614,"california"
"262",9.71e+17,-117.637862,34.077184,"california"
"263",9.71e+17,-116.301227,33.685344,"california"
"264",9.71e+17,-117.0843043,32.927402,"california"
"265",9.71e+17,-117.704483,34.086988,"california"
"266",9.71e+17,-118.098575,33.882744,"california"
"267",9.7e+17,-117.296536,33.858759,"california"
"268",9.7e+17,-117.2875328,34.413411,"california"
"269",9.7e+17,-118.343843,33.877306,"california"
"270",9.7e+17,-118.0724243,33.928201,"california"
"271",9.7e+17,-122.5387797,38.35062,"california"
"272",9.7e+17,-120.529171,37.25666,"california"
"273",9.7e+17,-117.86894,33.606077,"california"
"274",9.7e+17,-118.456347,34.273334,"california"
"275",9.7e+17,-118.017789,33.788913,"california"
"276",9.7e+17,-117.834663,34.0182828,"california"
"277",9.7e+17,-118.378926,33.893614,"california"
"278",9.7e+17,-121.919174,39.676071,"california"
"279",9.7e+17,-122.5001644,37.649122,"california"
"280",9.7e+17,-117.401199,34.0503113,"california"
"281",9.7e+17,-119.172179,35.255821,"california"
"282",9.7e+17,-118.3959042,34.075963,"california"
"283",9.71e+17,-105.1472674,39.894185,"colorado"
"284",9.72e+17,-73.545122,41.352784,"connecticut"
"285",9.72e+17,-72.093466,41.312122,"connecticut"
"286",9.72e+17,-72.664588,41.723462,"connecticut"
"287",9.72e+17,-73.445754,41.310356,"connecticut"
"288",9.7e+17,-73.545122,41.352784,"connecticut"
"289",9.7e+17,-72.762431,41.647296,"connecticut"
"290",9.7e+17,-73.093845,41.513971,"connecticut"
"291",9.7e+17,-72.175195,41.490724,"connecticut"
"292",9.72e+17,-73.727776,40.950918,"new york"
"293",9.72e+17,-75.7247358,39.7092463,"delaware"
"294",9.71e+17,-75.7886691,39.6431,"delaware"
"295",9.72e+17,-75.7887564,38.4510398,"maryland"
"296",9.72e+17,-80.321683,25.7090404,"florida"
"297",9.72e+17,-82.45491,28.054805,"florida"
"298",9.72e+17,-81.365346,28.6391805,"florida"
"299",9.72e+17,-81.507905,28.3882177,"florida"
"300",9.72e+17,-81.326884,28.658956,"florida"
"301",9.72e+17,-81.47749,28.250764,"florida"
"302",9.72e+17,-81.611279,28.424587,"florida"
"303",9.71e+17,-81.508635,28.420712,"florida"
"304",9.71e+17,-80.20811,26.080935,"florida"
"305",9.71e+17,-80.3212293,25.733083,"florida"
"306",9.71e+17,-81.3734329,28.726142,"florida"
"307",9.71e+17,-82.40189,28.011287,"florida"
"308",9.71e+17,-80.1309396,26.420813,"florida"
"309",9.71e+17,-82.620093,27.821353,"florida"
"310",9.71e+17,-80.20811,26.080935,"florida"
"311",9.71e+17,-82.421473,29.600496,"florida"
"312",9.71e+17,-80.465324,25.480968,"florida"
"313",9.71e+17,-81.878167,28.548979,"florida"
"314",9.71e+17,-81.133668,29.127565,"florida"
"315",9.71e+17,-80.205987,26.483803,"florida"
"316",9.71e+17,-81.507905,28.3882177,"florida"
"317",9.71e+17,-81.47749,28.250764,"florida"
"318",9.71e+17,-81.447294,28.347874,"florida"
"319",9.71e+17,-82.421473,29.600496,"florida"
"320",9.71e+17,-80.907965,27.180825,"florida"
"321",9.71e+17,-80.321683,25.7090404,"florida"
"322",9.71e+17,-81.507905,28.3882177,"florida"
"323",9.71e+17,-80.20811,26.080935,"florida"
"324",9.71e+17,-80.297884,26.228692,"florida"
"325",9.71e+17,-81.507905,28.3882177,"florida"
"326",9.71e+17,-80.456153,25.624969,"florida"
"327",9.71e+17,-80.7060737,28.03509,"florida"
"328",9.71e+17,-81.507905,28.3882177,"florida"
"329",9.71e+17,-81.0368484,29.205427,"florida"
"330",9.7e+17,-80.297884,26.228692,"florida"
"331",9.7e+17,-81.507905,28.3882177,"florida"
"332",9.7e+17,-80.1775249,26.879058,"florida"
"333",9.7e+17,-80.526237,25.440567,"florida"
"334",9.7e+17,-80.321683,25.7090404,"florida"
"335",9.7e+17,-81.47749,28.250764,"florida"
"336",9.7e+17,-84.386548,30.365093,"florida"
"337",9.72e+17,-83.929955,33.944031,"georgia"
"338",9.72e+17,-84.5129821,33.5933183,"georgia"
"339",9.72e+17,-83.786106,32.7528097,"georgia"
"340",9.72e+17,-84.5129821,33.5933183,"georgia"
"341",9.72e+17,-84.576827,33.6475029,"georgia"
"342",9.72e+17,-84.576827,33.6475029,"georgia"
"343",9.72e+17,-84.576827,33.6475029,"georgia"
"344",9.71e+17,-84.348046,33.915238,"georgia"
"345",9.71e+17,-84.8326505,33.3436006,"georgia"
"346",9.71e+17,-83.786106,32.7528097,"georgia"
"347",9.71e+17,-82.158293,33.457257,"georgia"
"348",9.71e+17,-84.6267914,33.509481,"georgia"
"349",9.71e+17,-84.576827,33.6475029,"georgia"
"350",9.7e+17,-85.1957372,34.885052,"georgia"
"351",9.7e+17,-84.576827,33.6475029,"georgia"
"352",9.7e+17,-84.576827,33.6475029,"georgia"
"353",9.7e+17,-84.64724,33.9552575,"georgia"
"354",9.7e+17,-84.576827,33.6475029,"georgia"
"355",9.72e+17,-158.090772,21.323228,"hawaii"
"356",9.72e+17,-117.039699,46.710846,"idaho"
"357",9.71e+17,-112.496051,42.806434,"idaho"
"358",9.72e+17,-89.7731855,39.673272,"illinois"
"359",9.72e+17,-88.294633,41.444387,"illinois"
"360",9.72e+17,-87.940033,41.644102,"illinois"
"361",9.72e+17,-87.940033,41.644102,"illinois"
"362",9.72e+17,-88.383751,42.124838,"illinois"
"363",9.72e+17,-87.940033,41.644102,"illinois"
"364",9.72e+17,-87.940033,41.644102,"illinois"
"365",9.72e+17,-88.0636557,41.9039578,"illinois"
"366",9.72e+17,-87.940033,41.644102,"illinois"
"367",9.72e+17,-87.940033,41.644102,"illinois"
"368",9.72e+17,-87.903492,41.888952,"illinois"
"369",9.72e+17,-88.140904,42.309615,"illinois"
"370",9.72e+17,-87.940033,41.644102,"illinois"
"371",9.71e+17,-87.940033,41.644102,"illinois"
"372",9.71e+17,-87.940033,41.644102,"illinois"
"373",9.71e+17,-89.12325,41.8936051,"illinois"
"374",9.71e+17,-89.7731855,39.673272,"illinois"
"375",9.71e+17,-88.1358426,41.3977209,"illinois"
"376",9.71e+17,-88.101785,41.8957553,"illinois"
"377",9.71e+17,-88.714842,41.91249,"illinois"
"378",9.71e+17,-87.940033,41.644102,"illinois"
"379",9.71e+17,-87.940033,41.644102,"illinois"
"380",9.71e+17,-87.940033,41.644102,"illinois"
"381",9.71e+17,-87.940033,41.644102,"illinois"
"382",9.71e+17,-87.903832,42.2877001,"illinois"
"383",9.71e+17,-88.2035834,42.33592,"illinois"
"384",9.71e+17,-87.940033,41.644102,"illinois"
"385",9.71e+17,-87.940033,41.644102,"illinois"
"386",9.71e+17,-87.940033,41.644102,"illinois"
"387",9.71e+17,-87.826203,41.908494,"illinois"
"388",9.71e+17,-89.333714,39.5076624,"illinois"
"389",9.7e+17,-88.348774,42.298602,"illinois"
"390",9.7e+17,-88.410765,41.656926,"illinois"
"391",9.7e+17,-87.940033,41.644102,"illinois"
"392",9.7e+17,-87.940033,41.644102,"illinois"
"393",9.7e+17,-87.740644,38.693329,"illinois"
"394",9.7e+17,-88.238573,40.072763,"illinois"
"395",9.7e+17,-87.940033,41.644102,"illinois"
"396",9.7e+17,-87.671067,41.384066,"illinois"
"397",9.7e+17,-87.940033,41.644102,"illinois"
"398",9.7e+17,-87.940033,41.644102,"illinois"
"399",9.71e+17,-91.51308,36.970298,"missouri"
"400",9.7e+17,-91.51308,36.970298,"missouri"
"401",9.72e+17,-86.090354,39.993436,"indiana"
"402",9.72e+17,-86.348441,39.631677,"indiana"
"403",9.72e+17,-86.439701,39.800082,"indiana"
"404",9.72e+17,-87.4050323,40.130902,"indiana"
"405",9.72e+17,-86.348441,39.631677,"indiana"
"406",9.72e+17,-85.336872,40.95926,"indiana"
"407",9.72e+17,-86.217544,41.709039,"indiana"
"408",9.72e+17,-87.699649,37.9239819,"indiana"
"409",9.72e+17,-86.348441,39.631677,"indiana"
"410",9.72e+17,-86.076196,39.9267692,"indiana"
"411",9.72e+17,-86.090354,39.993436,"indiana"
"412",9.71e+17,-84.877215,39.145597,"indiana"
"413",9.71e+17,-87.188047,39.503132,"indiana"
"414",9.71e+17,-86.233407,40.40379,"indiana"
"415",9.71e+17,-86.932736,41.665781,"indiana"
"416",9.71e+17,-86.348441,39.631677,"indiana"
"417",9.71e+17,-87.402263,41.376611,"indiana"
"418",9.71e+17,-86.25064,39.5293583,"indiana"
"419",9.7e+17,-87.413937,37.9765052,"indiana"
"420",9.7e+17,-86.348441,39.631677,"indiana"
"421",9.7e+17,-86.999431,40.406761,"indiana"
"422",9.7e+17,-86.814446,40.7869024,"indiana"
"423",9.72e+17,-79.213942,40.5860237,"pennsylvania"
"424",9.72e+17,-90.781325,42.442191,"iowa"
"425",9.72e+17,-91.672009,42.0585482,"iowa"
"426",9.72e+17,-93.718311,41.986006,"iowa"
"427",9.72e+17,-93.718311,41.986006,"iowa"
"428",9.71e+17,-90.6921396,41.475836,"iowa"
"429",9.71e+17,-93.438289,43.107835,"iowa"
"430",9.71e+17,-93.709504,41.501409,"iowa"
"431",9.71e+17,-96.492971,42.385735,"nebraska"
"432",9.7e+17,-91.6110574,41.599181,"iowa"
"433",9.7e+17,-95.9235509,41.194487,"nebraska"
"434",9.7e+17,-92.5343382,42.700318,"iowa"
"435",9.7e+17,-96.6396669,40.375437,"nebraska"
"436",9.72e+17,-98.1354373,37.632582,"kansas"
"437",9.72e+17,-97.5349059,37.562483,"kansas"
"438",9.72e+17,-97.676631,38.768801,"kansas"
"439",9.71e+17,-96.649744,39.159985,"kansas"
"440",9.71e+17,-95.809606,38.971524,"kansas"
"441",9.71e+17,-97.5349059,37.562483,"kansas"
"442",9.71e+17,-97.377877,37.999177,"kansas"
"443",9.71e+17,-97.589149,37.649593,"kansas"
"444",9.71e+17,-98.820728,38.350325,"kansas"
"445",9.7e+17,-102.051769,36.9931101,"oklahoma"
"446",9.72e+17,-84.504476,39.064988,"kentucky"
"447",9.72e+17,-85.899573,38.115961,"kentucky"
"448",9.71e+17,-85.847503,38.108678,"kentucky"
"449",9.71e+17,-85.847503,38.108678,"kentucky"
"450",9.72e+17,-74.026675,40.683935,"new york"
"451",9.72e+17,-74.026675,40.683935,"new york"
"452",9.72e+17,-74.026675,40.683935,"new york"
"453",9.72e+17,-73.169793,40.747906,"new york"
"454",9.72e+17,-74.026675,40.683935,"new york"
"455",9.71e+17,-74.041878,40.570842,"new york"
"456",9.71e+17,-74.026675,40.683935,"new york"
"457",9.71e+17,-74.041878,40.570842,"new york"
"458",9.71e+17,-73.530573,44.652759,"new york"
"459",9.71e+17,-74.026675,40.683935,"new york"
"460",9.71e+17,-74.041878,40.570842,"new york"
"461",9.71e+17,-73.656228,40.84609,"new york"
"462",9.71e+17,-76.547738,42.41815,"new york"
"463",9.71e+17,-74.026675,40.683935,"new york"
"464",9.71e+17,-74.041878,40.570842,"new york"
"465",9.71e+17,-73.396877,40.668458,"new york"
"466",9.71e+17,-74.026675,40.683935,"new york"
"467",9.72e+17,-77.9169571,33.97146,"north carolina"
"468",9.72e+17,-81.046876,35.001706,"south carolina"
"469",9.72e+17,-81.046876,35.001706,"south carolina"
"470",9.72e+17,-79.0075886,35.866334,"north carolina"
"471",9.72e+17,-80.389019,35.9341262,"north carolina"
"472",9.72e+17,-79.0075886,35.866334,"north carolina"
"473",9.72e+17,-80.0295184,35.962623,"north carolina"
"474",9.71e+17,-79.7109539,36.3041549,"north carolina"
"475",9.71e+17,-80.71402,35.124954,"north carolina"
"476",9.71e+17,-81.046876,35.001706,"south carolina"
"477",9.71e+17,-81.046876,35.001706,"south carolina"
"478",9.71e+17,-80.0295184,35.962623,"north carolina"
"479",9.71e+17,-78.561149,35.9042864,"north carolina"
"480",9.71e+17,-79.0075886,35.866334,"north carolina"
"481",9.71e+17,-80.7885,34.914104,"south carolina"
"482",9.7e+17,-79.0831529,35.869376,"north carolina"
"483",9.7e+17,-78.9448945,35.6443837,"north carolina"
"484",9.7e+17,-83.200975,35.29043,"north carolina"
"485",9.7e+17,-81.133373,35.321436,"north carolina"
"486",9.72e+17,-84.3219475,33.752879,"georgia"
"487",9.72e+17,-84.3219475,33.752879,"georgia"
"488",9.72e+17,-84.3219475,33.752879,"georgia"
"489",9.71e+17,-84.3219475,33.752879,"georgia"
"490",9.71e+17,-84.3219475,33.752879,"georgia"
"491",9.7e+17,-84.3219475,33.752879,"georgia"
"492",9.7e+17,-84.3219475,33.752879,"georgia"
"493",9.7e+17,-84.3219475,33.752879,"georgia"
"494",9.72e+17,-104.048915,45.935021,"montana"
"495",9.72e+17,-104.048915,45.935021,"montana"
"496",9.71e+17,-96.723334,32.894954,"texas"
"497",9.72e+17,-83.146509,39.939675,"ohio"
"498",9.72e+17,-80.811312,41.060737,"ohio"
"499",9.72e+17,-81.628444,40.995137,"ohio"
"500",9.72e+17,-81.105004,41.745606,"ohio"
"501",9.71e+17,-83.690916,41.348047,"ohio"
"502",9.71e+17,-84.324646,39.209618,"ohio"
"503",9.71e+17,-83.200169,39.832013,"ohio"
"504",9.71e+17,-82.8462065,40.052697,"ohio"
"505",9.71e+17,-83.200169,39.832013,"ohio"
"506",9.71e+17,-81.39342,41.065438,"ohio"
"507",9.71e+17,-83.200169,39.832013,"ohio"
"508",9.71e+17,-81.877771,41.392684,"ohio"
"509",9.71e+17,-83.200169,39.832013,"ohio"
"510",9.71e+17,-84.378118,39.851499,"ohio"
"511",9.71e+17,-84.238335,39.050967,"ohio"
"512",9.71e+17,-84.710722,39.052962,"kentucky"
"513",9.71e+17,-84.31794,39.026849,"ohio"
"514",9.71e+17,-82.8346953,39.996648,"ohio"
"515",9.71e+17,-84.235753,39.393247,"ohio"
"516",9.71e+17,-82.716209,38.4992476,"kentucky"
"517",9.71e+17,-81.392451,41.1176596,"ohio"
"518",9.71e+17,-81.494225,41.4242766,"ohio"
"519",9.71e+17,-81.877771,41.392684,"ohio"
"520",9.7e+17,-81.8375,41.4632453,"ohio"
"521",9.7e+17,-83.401316,40.199677,"ohio"
"522",9.7e+17,-83.200169,39.832013,"ohio"
"523",9.7e+17,-83.200169,39.832013,"ohio"
"524",9.7e+17,-83.694776,41.580375,"ohio"
"525",9.7e+17,-81.907176,41.089056,"ohio"
"526",9.7e+17,-83.200169,39.832013,"ohio"
"527",9.72e+17,-84.8203089,38.403186,"kentucky"
"528",9.72e+17,-84.8203089,38.403186,"kentucky"
"529",9.72e+17,-84.8203089,38.403186,"kentucky"
"530",9.72e+17,-84.8203089,38.403186,"kentucky"
"531",9.71e+17,-84.8203089,38.403186,"kentucky"
"532",9.71e+17,-84.8203089,38.403186,"kentucky"
"533",9.71e+17,-84.8203089,38.403186,"kentucky"
"534",9.71e+17,-84.8203089,38.403186,"kentucky"
"535",9.71e+17,-84.8203089,38.403186,"kentucky"
"536",9.71e+17,-84.8203089,38.403186,"kentucky"
"537",9.71e+17,-84.8203089,38.403186,"kentucky"
"538",9.7e+17,-84.8203089,38.403186,"kentucky"
"539",9.7e+17,-84.8203089,38.403186,"kentucky"
"540",9.7e+17,-85.404424,34.983674,"georgia"
"541",9.7e+17,-85.404424,34.983674,"georgia"
"542",9.7e+17,-86.505805,35.751433,"tennessee"
"543",9.7e+17,-82.649893,36.43008,"tennessee"
"544",9.7e+17,-90.135782,34.994192,"mississippi"
"545",9.7e+17,-87.022482,35.9945681,"tennessee"
"546",9.7e+17,-89.009286,36.040484,"tennessee"
"547",9.7e+17,-84.347226,35.962375,"tennessee"
"548",9.72e+17,-90.310298,34.982924,"arkansas"
"549",9.71e+17,-90.310298,34.982924,"arkansas"
"550",9.71e+17,-90.310298,34.982924,"arkansas"
"551",9.7e+17,-90.310298,34.982924,"arkansas"
"552",9.72e+17,-97.684281,26.07277,"texas"
"553",9.72e+17,-97.15606,32.81088,"texas"
"554",9.72e+17,-96.015096,30.061706,"texas"
"555",9.72e+17,-96.977527,32.620678,"texas"
"556",9.71e+17,-95.823268,29.522325,"texas"
"557",972284272504721408,-82.7023383,39.9464316,"ohio"
"558",972284270562758656,-85.1127855,45.1460084,"michigan"
"559",972284257824575488,-87.5217068,41.4942021,"indiana"
"560",972284255882694656,-116.8558106,34.2593211,"california"
"561",972284254376771584,-77.3133268,40.4732862,"pennsylvania"
"562",972284253277835264,-120.8958242,38.8375215,"california"
"563",972284249868062720,-96.3335769,29.5896836,"texas"
"564",972284249066762240,-115.1398296,36.1699412,"nevada"
"565",972284247904960512,-115.1398296,36.1699412,"nevada"
"566",972284246931988480,-79.0192997,35.7595731,"north carolina"
"567",972284244356673536,-76.6121893,39.2903848,"maryland"
"568",972284216904962048,-121.9278292,36.5499755,"california"
"569",972284214145056768,-74.4056612,40.0583238,"new jersey"
"570",972258357426913280,-112.07638889,33.52833333,"arizona"
"571",972239309792190464,-73.98827,40.73492,"new york"
"572",972236013887283200,-118.243,34.0522,"california"
"573",972263179001696256,-85.7584557,38.2526647,"kentucky"
"574",972263174434148352,-70.142927,41.734637,"massachusetts"
"575",972263164447481856,-85.6680863,42.9633599,"michigan"
"576",972263091856691200,-92.4453161,42.5348993,"iowa"
"577",972263037234307072,-95.9898964,30.0939175,"texas"
"578",972258357426913280,-112.07638889,33.52833333,"arizona"
"579",972239309792190464,-73.98827,40.73492,"new york"
"580",972236013887283200,-118.243,34.0522,"california"
"581",972263179001696256,-85.7584557,38.2526647,"kentucky"
"582",972263174434148352,-70.142927,41.734637,"massachusetts"
"583",972263164447481856,-85.6680863,42.9633599,"michigan"
"584",972263091856691200,-92.4453161,42.5348993,"iowa"
"585",972263037234307072,-95.9898964,30.0939175,"texas"
"586",972258357426913280,-112.07638889,33.52833333,"arizona"
"587",972239309792190464,-73.98827,40.73492,"new york"
"588",972236013887283200,-118.243,34.0522,"california"
"589",972263179001696256,-85.7584557,38.2526647,"kentucky"
"590",972263174434148352,-70.142927,41.734637,"massachusetts"
"591",972263164447481856,-85.6680863,42.9633599,"michigan"
"592",972263091856691200,-92.4453161,42.5348993,"iowa"
"593",972263037234307072,-95.9898964,30.0939175,"texas"
"594",972258357426913280,-112.07638889,33.52833333,"arizona"
"595",972239309792190464,-73.98827,40.73492,"new york"
"596",972236013887283200,-118.243,34.0522,"california"
"597",972263179001696256,-85.7584557,38.2526647,"kentucky"
"598",972263174434148352,-70.142927,41.734637,"massachusetts"
"599",972263164447481856,-85.6680863,42.9633599,"michigan"
"600",972263091856691200,-92.4453161,42.5348993,"iowa"
"601",972263037234307072,-95.9898964,30.0939175,"texas"
"602",972258357426913280,-112.07638889,33.52833333,"arizona"
"603",972239309792190464,-73.98827,40.73492,"new york"
"604",972236013887283200,-118.243,34.0522,"california"
"605",972263179001696256,-85.7584557,38.2526647,"kentucky"
"606",972263174434148352,-70.142927,41.734637,"massachusetts"
"607",972263164447481856,-85.6680863,42.9633599,"michigan"
"608",972263091856691200,-92.4453161,42.5348993,"iowa"
"609",972263037234307072,-95.9898964,30.0939175,"texas"
"610",972258357426913280,-112.07638889,33.52833333,"arizona"
"611",972239309792190464,-73.98827,40.73492,"new york"
"612",972236013887283200,-118.243,34.0522,"california"
"613",972263179001696256,-85.7584557,38.2526647,"kentucky"
"614",972263174434148352,-70.142927,41.734637,"massachusetts"
"615",972263164447481856,-85.6680863,42.9633599,"michigan"
"616",972263091856691200,-92.4453161,42.5348993,"iowa"
"617",972263037234307072,-95.9898964,30.0939175,"texas"
"618",972258357426913280,-112.07638889,33.52833333,"arizona"
"619",972239309792190464,-73.98827,40.73492,"new york"
"620",972236013887283200,-118.243,34.0522,"california"
"621",972263179001696256,-85.7584557,38.2526647,"kentucky"
"622",972263174434148352,-70.142927,41.734637,"massachusetts"
"623",972263164447481856,-85.6680863,42.9633599,"michigan"
"624",972263091856691200,-92.4453161,42.5348993,"iowa"
"625",972263037234307072,-95.9898964,30.0939175,"texas"
"626",972258357426913280,-112.07638889,33.52833333,"arizona"
"627",972239309792190464,-73.98827,40.73492,"new york"
"628",972236013887283200,-118.243,34.0522,"california"
"629",972263179001696256,-85.7584557,38.2526647,"kentucky"
"630",972263174434148352,-70.142927,41.734637,"massachusetts"
"631",972263164447481856,-85.6680863,42.9633599,"michigan"
"632",972263091856691200,-92.4453161,42.5348993,"iowa"
"633",972263037234307072,-95.9898964,30.0939175,"texas"
"634",972258357426913280,-112.07638889,33.52833333,"arizona"
"635",972239309792190464,-73.98827,40.73492,"new york"
"636",972236013887283200,-118.243,34.0522,"california"
"637",972263179001696256,-85.7584557,38.2526647,"kentucky"
"638",972263174434148352,-70.142927,41.734637,"massachusetts"
"639",972263164447481856,-85.6680863,42.9633599,"michigan"
"640",972263091856691200,-92.4453161,42.5348993,"iowa"
"641",972263037234307072,-95.9898964,30.0939175,"texas"
"642",972162462240985088,-74.4056612,40.0583238,"new jersey"
"643",972068309809156096,-77.0368707,38.9071923,"district of columbia"
"644",971794151170760704,-95.712891,37.09024,"kansas"
"645",971794117964394496,-95.712891,37.09024,"kansas"
"646",972160880984166400,-74.0059728,40.7127753,"new york"
"647",972215967991279616,-118.2436849,34.0522342,"california"
"648",972215967991279616,-118.2436849,34.0522342,"california"
"649",972215967991279616,-118.2436849,34.0522342,"california"
"650",972215967991279616,-118.2436849,34.0522342,"california"
"651",971946439378198528,-82.907123,40.4172871,"ohio"
"652",969698742709370880,-122.6764815,45.5230622,"oregon"
"653",969235876495675392,-79.0780831,40.008411,"pennsylvania"
"654",968915778874507264,-71.0588801,42.3600825,"massachusetts"
"655",968558821135155200,-95.712891,37.09024,"kansas"
"656",971849947946483712,-119.4179324,36.778261,"california"
"657",971849511025852416,-119.4179324,36.778261,"california"
"658",971849090249121792,-119.4179324,36.778261,"california"
"659",971794747529416704,-119.4179324,36.778261,"california"
"660",971791680734085120,-119.4179324,36.778261,"california"
"661",971791593664495616,-119.4179324,36.778261,"california"
"662",971791236452397056,-119.4179324,36.778261,"california"
"663",971790882964828160,-119.4179324,36.778261,"california"
"664",971790585043415040,-119.4179324,36.778261,"california"
"665",971790456982970368,-119.4179324,36.778261,"california"
"666",971517504945188864,-119.4179324,36.778261,"california"
"667",971517144830640128,-119.4179324,36.778261,"california"
"668",971516942476500992,-119.4179324,36.778261,"california"
"669",971931340227608576,-83.0458,42.3314,"michigan"
"670",972150611088171008,-84.4957757,39.091449,"kentucky"
"671",972149172173406208,-82.907123,40.4172871,"ohio"
"672",972140065106415616,-84.2700179,37.8393332,"kentucky"
"673",972133904957263872,-75.977985,36.8529263,"virginia"
"674",972133869775450112,-75.977985,36.8529263,"virginia"
"675",972132621755928576,-85.264502,45.317759,"michigan"
"676",972127159874740224,-82.5154471,40.75839,"ohio"
"677",972125566005600256,-81.5861847,28.5652787,"florida"
"678",972125217995796480,-80.3350326,25.720399,"florida"
"679",972117955889782784,-75.0786357,40.0736106,"pennsylvania"
"680",972108624167305216,-85.5872286,42.2917069,"michigan"
"681",972103768278994944,-77.0441143,35.108493,"north carolina"
"682",972143938088947712,-74.0059728,40.7127753,"new york"
"683",972132849397747712,-77.0368707,38.9071923,"district of columbia"
"684",972129956607201280,-89.086446,42.241772,"illinois"
"685",972135836757250048,-84.3881,33.7489,"georgia"
"686",972133104507813888,-121.567,45.5381,"oregon"
"687",972140949383122944,-94.658108,39.022807,"kansas"
"688",972140945075404800,-82.6402915,27.7676008,"florida"
"689",972140889807183872,-87.2103008,39.5025718,"indiana"
"690",972140881309560832,-97.3307658,32.7554883,"texas"
"691",972140854755430400,-107.4338866,32.4507852,"new mexico"
"692",972140836568883200,-81.6943605,41.49932,"ohio"
"693",972132037476929536,-79.8108318,40.1868585,"pennsylvania"
"694",972112746782318592,-75.39134,39.83268,"pennsylvania"
"695",972140281985425408,-79.0192997,35.7595731,"north carolina"
"696",972140258925137920,-80.3277279,35.383255,"north carolina"
"697",972140207968579584,-82.907123,40.4172871,"ohio"
"698",972113897695203328,-74.07607769,42.37837838,"new york"
"699",972139497344380928,-81.2670131,29.7983039,"florida"
"700",972139417405095936,-76.6121893,39.2903848,"maryland"
"701",972139398010720256,-102.4107493,34.2331373,"texas"
"702",972139383955558400,-93.1668858,44.8041322,"minnesota"
"703",972139188719181824,-86.7816016,36.1626638,"tennessee"
"704",972139142812524544,-74.0059728,40.7127753,"new york"
"705",972139123485024256,-80.637181,36.5331523,"north carolina"
"706",972139073031884800,-76.4519658,40.3405166,"pennsylvania"
"707",972138987128328192,-73.2122666,44.4762123,"vermont"
"708",972138978680954880,-71.3273346,42.8806437,"new hampshire"
"709",972138948804820992,-76.803101,42.079016,"new york"
"710",972138938499387392,-85.8355735,31.3205196,"alabama"
"711",972138922888368128,-71.3824374,42.4072107,"massachusetts"
"712",972138903036624896,-79.8216969,36.1014307,"north carolina"
"713",972138883352850432,-80.5506221,37.1382689,"virginia"
"714",972138822501679104,-88.452716,44.1869896,"wisconsin"
"715",972138807003762688,-119.4179324,36.778261,"california"
"716",971895572515950592,-157.8374802,21.2809329,"hawaii"
"717",971449123105837056,-78.93686712,36.00769126,"north carolina"
"718",971431937259790336,-81.542072,40.969238,"ohio"
"719",971305151825838080,-75.55561879,39.78020228,"delaware"
"720",972137778535333888,-118.1411495,34.1447747,"california"
"721",972137578722938880,-74.0059728,40.7127753,"new york"
"722",972136400370982912,-96.7969879,32.7766642,"texas"
"723",972136155092340736,-77.2716502,39.1731621,"maryland"
"724",972133598856818688,-119.4179324,36.778261,"california"
"725",972132196231376896,-96.336499,30.618531,"texas"
"726",972132084977487872,-87.6297982,41.8781136,"illinois"
"727",972131001907412992,-90.1635442,30.0144158,"louisiana"
"728",972129608865910784,-77.0368707,38.9071923,"district of columbia"
"729",972124855347892224,-95.712891,37.09024,"kansas"
"730",972123049255473152,-77.6109219,43.16103,"new york"
"731",972122681612128256,-73.134961,40.789142,"new york"
"732",972122209601900544,-95.0431997,40.7234542,"iowa"
"733",972122052869132288,-76.3592241,37.0835074,"virginia"
"734",972118702333276160,-90.6960721,30.0577282,"louisiana"
"735",972118094943580160,-93.7379667,36.4012037,"arkansas"
"736",972115797106724864,-111.8314724,33.4151843,"arizona"
"737",972111186543173632,-81.6943605,41.49932,"ohio"
"738",972110022934220800,-95.712891,37.09024,"kansas"
"739",971895572515950592,-157.8374802,21.2809329,"hawaii"
"740",971449123105837056,-78.93686712,36.00769126,"north carolina"
"741",971431937259790336,-81.542072,40.969238,"ohio"
"742",971305151825838080,-75.55561879,39.78020228,"delaware"
"743",972132407489933312,-94.822107,38.968427,"kansas"
"744",972132308802158592,-111.9260519,33.4941704,"arizona"
"745",972129911841460224,-79.9310512,32.7764749,"south carolina"
"746",972129608865910784,-77.0368707,38.9071923,"district of columbia"
"747",972127716865642496,-91.9623327,30.9842977,"louisiana"
"748",972127212857167872,-96.9423844,35.38837,"oklahoma"
"749",972126215028043776,-81.655651,30.3321838,"florida"
"750",972125994512416768,-87.3594528,36.5297706,"tennessee"
"751",972125548712513536,-75.5742467,40.6519679,"pennsylvania"
"752",972124855347892224,-95.712891,37.09024,"kansas"
"753",972124514829111296,-82.1400923,29.1871986,"florida"
"754",972124502242021376,-88.9906312,40.5142026,"illinois"
"755",972123111544954880,-122.6764815,45.5230622,"oregon"
"756",972123049255473152,-77.6109219,43.16103,"new york"
"757",972121076187697152,-77.1945247,41.2033216,"pennsylvania"
"758",972118943434530816,-76.6412712,39.0457549,"maryland"
"759",972111186543173632,-81.6943605,41.49932,"ohio"
"760",972111058348531712,-86.1349019,40.2671941,"indiana"
"761",972110308381687808,-95.712891,37.09024,"kansas"
"762",972110022934220800,-95.712891,37.09024,"kansas"
"763",972109834014416896,-74.0059728,40.7127753,"new york"
"764",972113897695203328,-74.07607769,42.37837838,"new york"
"765",972082691339423744,-86.0761,39.7656,"indiana"
"766",971885091642363904,-118.2436849,34.0522342,"california"
"767",971866248106590208,-95.712891,37.09024,"kansas"
"768",971744752608727040,-95.712891,37.09024,"kansas"
"769",971229544257552384,-71.0588801,42.3600825,"massachusetts"
"770",971180070269267968,-74.0059728,40.7127753,"new york"
"771",971054320413224960,-77.0368707,38.9071923,"district of columbia"
"772",971051087401750528,-71.0588801,42.3600825,"massachusetts"
"773",970797785107894272,-95.712891,37.09024,"kansas"
"774",970771591419387904,-118.2436849,34.0522342,"california"
"775",971850480182689792,-119.4179324,36.778261,"california"
"776",971850374607810560,-119.4179324,36.778261,"california"
"777",971849605724831744,-119.4179324,36.778261,"california"
"778",971849090249121792,-119.4179324,36.778261,"california"
"779",971796770517745664,-119.4179324,36.778261,"california"
"780",971795288393314304,-119.4179324,36.778261,"california"
"781",971795242285285376,-119.4179324,36.778261,"california"
"782",971795060114128896,-119.4179324,36.778261,"california"
"783",971794747529416704,-119.4179324,36.778261,"california"
"784",971791515323310080,-119.4179324,36.778261,"california"
"785",971790882964828160,-119.4179324,36.778261,"california"
"786",971790698730041344,-119.4179324,36.778261,"california"
"787",971790585043415040,-119.4179324,36.778261,"california"
"788",971790539535237120,-119.4179324,36.778261,"california"
"789",971517954591399936,-119.4179324,36.778261,"california"
"790",971517580224577536,-119.4179324,36.778261,"california"
"791",971517504945188864,-119.4179324,36.778261,"california"
"792",971517470824546304,-119.4179324,36.778261,"california"
"793",971517410682417152,-119.4179324,36.778261,"california"
"794",971517075322691584,-119.4179324,36.778261,"california"
"795",971517036722454528,-119.4179324,36.778261,"california"
"796",971850480182689024,-119.4179324,36.778261,"california"
"797",971850436532562944,-119.4179324,36.778261,"california"
"798",971850333134642944,-119.4179324,36.778261,"california"
"799",971850252608192000,-119.4179324,36.778261,"california"
"800",971850054360182016,-119.4179324,36.778261,"california"
"801",971850000853483008,-119.4179324,36.778261,"california"
"802",971849872029528064,-119.4179324,36.778261,"california"
"803",971849823321123968,-119.4179324,36.778261,"california"
"804",971849605724830976,-119.4179324,36.778261,"california"
"805",971849511025852032,-119.4179324,36.778261,"california"
"806",971849468449472000,-119.4179324,36.778261,"california"
"807",971849408387072000,-119.4179324,36.778261,"california"
"808",971849310106041984,-119.4179324,36.778261,"california"
"809",971849130560507008,-119.4179324,36.778261,"california"
"810",971849090249121024,-119.4179324,36.778261,"california"
"811",971796734820081024,-119.4179324,36.778261,"california"
"812",971794747529415936,-119.4179324,36.778261,"california"
"813",971790934248627968,-119.4179324,36.778261,"california"
"814",971790664521325952,-119.4179324,36.778261,"california"
"815",971790493993414016,-119.4179324,36.778261,"california"
"816",971790372060844032,-119.4179324,36.778261,"california"
"817",971790296806694016,-119.4179324,36.778261,"california"
"818",971517891609730944,-119.4179324,36.778261,"california"
"819",971517728379907968,-119.4179324,36.778261,"california"
"820",971517470824546048,-119.4179324,36.778261,"california"
"821",971516989079302016,-119.4179324,36.778261,"california"
"822",971516942476499968,-119.4179324,36.778261,"california"
"823",971516901879771008,-119.4179324,36.778261,"california"
"824",971516746313080064,-119.4179324,36.778261,"california"
"825",971516475319053952,-119.4179324,36.778261,"california"
"826",971515919687041024,-119.4179324,36.778261,"california"
"827",971492491278077056,-95.712891,37.09024,"kansas"
"828",971931340227608064,-83.0458,42.3314,"michigan"
"829",971848773679878016,-81.14483,35.25219,"north carolina"
"830",968957868039917056,-115.766,40.8364,"nevada"
"831",972125566005600000,-81.5861847,28.5652787,"florida"
"832",972125217995795968,-80.3350326,25.720399,"florida"
"833",972121650484400000,-83.6129939,42.2411499,"michigan"
"834",972119164138802944,-73.134961,40.789142,"new york"
"835",972118897670450944,-71.3824374,42.4072107,"massachusetts"
"836",972105333282888960,-81.6943605,41.49932,"ohio"
"837",972123649879740032,-84.5856,40.655,"ohio"
"838",972119789572324992,-80.9400635,40.0749817,"ohio"
"839",972127235544157952,-82.5521946,40.6603544,"ohio"
"840",972127232092188032,-75.3878525,39.907793,"pennsylvania"
"841",971933162409463040,-117.9193068,33.80696594,"california"
"842",971744511595548032,-79.8983,36.0767,"north carolina"
"843",972122639555702016,-119.4179324,36.778261,"california"
"844",971925555741363968,-98.7017911,29.49110064,"texas"
"845",972122695071494016,-122.4194155,37.7749295,"california"
"846",972122600074891008,-74.4056612,40.0583238,"new jersey"
"847",972122255672205056,-80.5883855,28.1489021,"florida"
"848",972122119889915008,-87.9064736,43.0389025,"wisconsin"
"849",972122090873729024,-77.0368707,38.9071923,"district of columbia"
"850",972122068786478976,-76.6412712,39.0457549,"maryland"
"851",972121951417363968,-83.8510732,43.0630833,"michigan"
"852",972121810421476992,-122.3320708,47.6062095,"washington"
"853",972121425875266944,-74.3118212,39.9652553,"new jersey"
"854",972001279567265024,-80.1341,25.813,"florida"
"855",971384600676225024,-87.82375118,42.08852319,"illinois"
"856",971199199193772032,-73.9920791,40.7505053,"new york"
"857",972118566530002048,-98.4422802,35.1592256,"oklahoma"
"858",972118172437483008,-93.097702,41.8780025,"iowa"
"859",972117803988848000,-77.5300614,38.3343854,"virginia"
"860",972116828632829056,-82.5748194,27.4989278,"florida"
"861",968869382624509056,-102.621,38.0833,"colorado"
"862",972117233743867008,-81.3792365,28.5383355,"florida"
"863",972112805037005952,-89.1316944,38.5285169,"illinois"
"864",971895572515949952,-157.8374802,21.2809329,"hawaii"
"865",971449123105837056,-78.93686712,36.00769126,"north carolina"
"866",971431937259789952,-81.542072,40.969238,"ohio"
"867",971305151825837952,-75.55561879,39.78020228,"delaware"
"868",972115606047739008,-86.1349019,40.2671941,"indiana"
"869",972111186543172992,-81.6943605,41.49932,"ohio"
"870",972111058348530944,-86.1349019,40.2671941,"indiana"
"871",972110308381687040,-95.712891,37.09024,"kansas"
"872",972109834014416000,-74.0059728,40.7127753,"new york"
"873",971895572515949952,-157.8374802,21.2809329,"hawaii"
"874",971449123105837056,-78.93686712,36.00769126,"north carolina"
"875",971431937259789952,-81.542072,40.969238,"ohio"
"876",971305151825837952,-75.55561879,39.78020228,"delaware"
"877",972111058348530944,-86.1349019,40.2671941,"indiana"
"878",972110308381687040,-95.712891,37.09024,"kansas"
"879",972110022934220032,-95.712891,37.09024,"kansas"
"880",972109834014416000,-74.0059728,40.7127753,"new york"
"881",971895572515949952,-157.8374802,21.2809329,"hawaii"
"882",971895331012082944,-157.8370176,21.28266313,"hawaii"
"883",971449123105837056,-78.93686712,36.00769126,"north carolina"
"884",971431937259789952,-81.542072,40.969238,"ohio"
"885",971305151825837952,-75.55561879,39.78020228,"delaware"
"886",972111186543172992,-81.6943605,41.49932,"ohio"
"887",972110308381687040,-95.712891,37.09024,"kansas"
"888",972110022934220032,-95.712891,37.09024,"kansas"
"889",972008297413860992,-80.13143,25.77813,"florida"
"890",972094671760403968,-111.0937311,39.3209801,"utah"
"891",972094598339353984,-95.9739489,36.1287383,"oklahoma"
"892",972094475899211008,-77.0368707,38.9071923,"district of columbia"
"893",972094300212416000,-91.1604207,38.2081045,"missouri"
"894",972094192259403008,-80.2662033,41.0799874,"pennsylvania"
"895",972093719405972992,-84.3879824,33.7489954,"georgia"
"896",972093297324936960,-118.2436849,34.0522342,"california"
"897",972092757983580032,-74.0149197,40.7085767,"new york"
"898",968611782393671040,-73.9730761,40.60934207,"new york"
"899",972082677028401024,-82.495373,28.0169633,"florida"
"900",969017918167101056,-75.1652215,39.9525839,"pennsylvania"
"901",972085058759810944,-75.1652215,39.9525839,"pennsylvania"
"902",972067743133552000,-95.671459,36.252154,"oklahoma"
"903",972055160523512960,-82.9000751,32.1656221,"georgia"
"904",972085561937793024,-82.469682,43.04504505,"michigan"
"905",972087160571682048,-87.6297982,41.8781136,"illinois"
"906",972087143223954944,-78.8783689,42.8864468,"new york"
"907",972087136525549056,-80.8074661,32.2355026,"south carolina"
"908",972087079898201984,-95.712891,37.09024,"kansas"
"909",972087079483056000,-106.0793885,39.464066,"colorado"
"910",972087048633958016,-80.3260234,25.8017374,"florida"
"911",971529843178459008,-118.9667997,35.3852074,"california"
"912",971519983640567040,-86.300489,32.377716,"alabama"
"913",972066605948657024,-118.1479208,34.1469288,"california"
"914",972063261595261952,-111.9937114,41.0864102,"utah"
"915",972059682188640000,-118.1445155,34.1477849,"california"
"916",972056936572210944,-73.9761618,40.7619601,"new york"
"917",972051772444327040,-115.1745559,36.1023715,"nevada"
"918",972050597460376960,-118.1445155,34.1477849,"california"
"919",9.65e+17,-74.0064,40.7142,"new york"
"920",9.66e+17,-86.78388889,36.165,"tennessee"
"921",9.66e+17,-95.9373,36.1313,"oklahoma"
"922",9.67e+17,-118.243,34.0522,"california"
"923",9.68e+17,-86.78388889,36.165,"tennessee"
"924",9.68e+17,-115.136,36.175,"nevada"
"925",9.68e+17,-97.70642585,30.41159675,"texas"
"926",9.68e+17,-118.481,34.0221,"california"
"927",9.69e+17,-80.3822,27.7074,"florida"
"928",9.69e+17,-96.835,32.95777778,"texas"
"929",9.69e+17,-118.372,34.0879,"california"
"930",9.7e+17,-118.372,34.0879,"california"
"931",9.72e+17,-118.9667997,35.3852074,"california"
"932",9.72e+17,-86.300489,32.377716,"alabama"
"933",9.72e+17,-118.9667997,35.3852074,"california"
"934",9.72e+17,-86.300489,32.377716,"alabama"
"935",9.72e+17,-118.9667997,35.3852074,"california"
"936",9.72e+17,-86.300489,32.377716,"alabama"
"937",9.72e+17,-118.9667997,35.3852074,"california"
"938",9.72e+17,-86.300489,32.377716,"alabama"
"939",9.71e+17,-111.696,40.2988,"utah"
"940",9.7e+17,-95.84527778,46.81722222,"minnesota"
"941",9.7e+17,-122.66119,45.54016,"oregon"
"942",9.7e+17,-70.1004,41.2815,"massachusetts"
"943",9.7e+17,-90.21224663,29.9993529,"louisiana"
"944",9.7e+17,-83.29967,42.583422,"michigan"
"945",9.7e+17,-71.0617,42.3578,"massachusetts"
"946",9.7e+17,-86.58645,30.3965,"florida"
"947",9.7e+17,-86.58645,30.3965,"florida"
"948",9.7e+17,-122.43289,47.13112,"washington"
"949",9.7e+17,-96.8,32.7833,"texas"
"950",9.7e+17,-111.88834,40.57274,"utah"
"951",9.7e+17,-117.4260093,47.6585992,"washington"
"952",9.7e+17,-106.824,39.1923,"colorado"
"953",9.7e+17,-75.3266416,41.0881409,"pennsylvania"
"954",9.7e+17,-0.1821,51.5216,"texas"
"955",9.69e+17,-118.1819444,34.15,"california"
"956",9.69e+17,-97.97961473,30.30654031,"texas"
"957",9.69e+17,-95.9373,36.1313,"oklahoma"
"958",9.69e+17,-112.282,33.6142,"arizona"
"959",9.69e+17,-121.4754146,38.54110015,"california"
"960",9.69e+17,-73.9993318,40.7194859,"new york"
"961",9.69e+17,-78.8494,42.9047,"new york"
"962",9.69e+17,-76.13500586,43.03930465,"new york"
"963",9.69e+17,-122.418,37.775,"california"
"964",9.69e+17,-116.319,34.127,"california"
"965",9.69e+17,-118.2327769,34.04745639,"california"
"966",9.69e+17,-122.3033419,47.4426096,"washington"
"967",9.69e+17,-96.835,32.95777778,"texas"
"968",9.69e+17,-92.0478,30.31679,"louisiana"
"969",9.69e+17,-74.0035553,40.7070045,"new york"
"970",9.66e+17,-71.01948,42.94201,"new hampshire"
"971",9.69e+17,-73.92,41.28888889,"new york"
"972",9.69e+17,-80.0394,26.7151,"florida"
"973",9.69e+17,-118.243,34.0522,"california"
"974",9.69e+17,-86.4444,36.9817,"kentucky"
"975",9.69e+17,-117.369819,34.02311931,"california"
"976",9.69e+17,-79.23452,37.34406,"virginia"
"977",9.69e+17,-73.94111111,40.68333333,"new york"
"978",9.69e+17,-117.92,33.8025,"california"
"979",9.69e+17,-73.98915678,40.73957544,"new york"
"980",9.69e+17,-80.14181972,25.79526908,"florida"
"981",9.68e+17,-106.53667,31.81692,"texas"
"982",9.69e+17,-76.14956308,43.05620291,"new york"
"983",9.69e+17,-118.481,34.0221,"california"
"984",9.69e+17,-71.1547755,42.37613199,"massachusetts"
"985",9.69e+17,-75.1006,39.9767,"pennsylvania"
"986",9.69e+17,-80.3822,27.7074,"florida"
"987",9.69e+17,-89.00028,39.70889,"illinois"
"988",9.69e+17,-75.25136,39.9905199,"pennsylvania"
"989",9.69e+17,-114.0885,48.17204,"montana"
"990",9.68e+17,-97.70642585,30.41159675,"texas"
"991",9.68e+17,-117.17551,34.49805,"california"
"992",9.68e+17,-79.80190443,33.69369369,"south carolina"
"993",9.68e+17,-106.53667,31.81692,"texas"
"994",9.67e+17,-73.93326981,40.65906116,"new york"
"995",9.68e+17,-97.238086,32.8724,"texas"
"996",9.68e+17,-79.90575,40.45678,"pennsylvania"
"997",9.68e+17,-86.78388889,36.165,"tennessee"
"998",9.68e+17,-95.1567,36.6412,"oklahoma"
"999",9.68e+17,-74.0000496,40.7191229,"new york"
"1000",9.66e+17,-81.3777466,28.5419407,"florida"
"1001",9.66e+17,-74.0052,40.728407,"new york"
"1002",9.66e+17,-74.0064,40.7142,"new york"
"1003",9.66e+17,-115.1247222,36.08194444,"nevada"
"1004",9.66e+17,-80.804512,35.2037811,"north carolina"
"1005",9.65e+17,-118.9670818,35.3851588,"california"
"1006",9.65e+17,-78.4816513,38.0306816,"virginia"
"1007",9.65e+17,-118.25544,34.143,"california"
"1008",9.64e+17,-97.7639,30.2672,"texas"
"1009",9.64e+17,-97.06770325,33.03340149,"texas"
"1010",9.64e+17,-86.59,30.67,"florida"
"1011",9.64e+17,-88.15515017,41.52080677,"illinois"
"1012",9.64e+17,-97.13939667,32.85520172,"texas"
"1013",9.64e+17,-96.8839035,33.09769821,"texas"
"1014",9.64e+17,-97.2161026,32.86100006,"texas"
"1015",9.64e+17,-97.04930115,33.07749939,"texas"
"1016",9.64e+17,-96.74659729,32.65610123,"texas"
"1017",9.64e+17,-96.74720001,32.57949829,"texas"
"1018",9.64e+17,-96.40899658,32.86940002,"texas"
"1019",9.64e+17,-96.41210175,32.89929962,"texas"
"1020",9.64e+17,-96.99490356,33.04800034,"texas"
"1021",9.64e+17,-97.06770325,33.03340149,"texas"
"1022",9.64e+17,-96.62249756,32.92520142,"texas"
"1023",9.64e+17,-83.13056,42.44679,"michigan"
"1024",9.64e+17,-122.25323,38.129,"california"
"1025",9.64e+17,-120.995,37.6615,"california"
"1026",9.64e+17,-74.5,40,"new jersey"
"1027",9.64e+17,-86.1181,39.6113,"indiana"
"1028",9.64e+17,-86.59,30.67,"florida"
"1029",9.64e+17,-88.15515017,41.52080677,"illinois"
"1030",9.64e+17,-97.13939667,32.85520172,"texas"
"1031",9.64e+17,-96.8839035,33.09769821,"texas"
"1032",9.64e+17,-97.2161026,32.86100006,"texas"
"1033",9.64e+17,-97.04930115,33.07749939,"texas"
"1034",9.64e+17,-96.74659729,32.65610123,"texas"
"1035",9.64e+17,-96.74720001,32.57949829,"texas"
"1036",9.64e+17,-96.40899658,32.86940002,"texas"
"1037",9.64e+17,-96.41210175,32.89929962,"texas"
"1038",9.64e+17,-96.99490356,33.04800034,"texas"
"1039",9.64e+17,-97.06770325,33.03340149,"texas"
"1040",9.64e+17,-96.62249756,32.92520142,"texas"
"1041",9.64e+17,-83.13056,42.44679,"michigan"
"1042",9.64e+17,-122.25323,38.129,"california"
"1043",9.64e+17,-120.995,37.6615,"california"
"1044",9.64e+17,-74.5,40,"new jersey"
"1045",9.64e+17,-86.1181,39.6113,"indiana"
"1046",9.64e+17,-115.136,36.175,"nevada"
"1047",9.64e+17,-122.4,37.71666667,"california"
"1048",9.66e+17,-86.68,37.21,"kentucky"
"1049",9.66e+17,-111.6888049,40.2802665,"utah"
"1050",9.66e+17,-122.418,37.775,"california"
"1051",9.66e+17,-104.984,39.7392,"colorado"
"1052",9.63e+17,-84.3881,33.7489,"georgia"
"1053",9.63e+17,-74.02386335,40.74555072,"new jersey"
"1054",9.71e+17,-71.09124798,42.36599294,"massachusetts"
"1055",9.71e+17,-97.3449525,32.5349018,"texas"
"1056",9.71e+17,-104.961,40.1112,"colorado"
"1057",9.71e+17,-86.73179621,33.52807388,"alabama"
"1058",9.71e+17,-86.73179621,33.52807388,"alabama"
"1059",9.71e+17,-115.1745751,36.10969308,"nevada"
"1060",9.71e+17,-92.2569,34.7808,"arkansas"
"1061",9.72e+17,-96.684463,40.822107,"nebraska"
"1062",9.72e+17,-104.956214,34.683349,"new mexico"
"1063",9.72e+17,-107.796982,35.871845,"new mexico"
"1064",9.72e+17,-106.647518,32.896178,"new mexico"
"1065",9.72e+17,-107.382953,36.662977,"new mexico"
"1066",9.72e+17,-106.927684,33.248339,"new mexico"
"1067",9.72e+17,-104.336642,32.641793,"new mexico"
"1068",9.72e+17,-106.415948,32.185861,"new mexico"
"1069",9.72e+17,-106.70399,33.110494,"new mexico"
"1070",9.72e+17,-69.097457,46.29483,"maine"
"1071",9.72e+17,-114.14336,44.146321,"idaho"
"1072",9.72e+17,-90.865225,29.856555,"louisiana"
"1073",9.72e+17,-97.524299,35.362548,"oklahoma"
"1074",9.72e+17,-99.805513,38.399933,"kansas"
